drone,vx,vy,drop_time,bomb_time
FY1,137.68332315507615,23.17923062142703,0.0,0.38648149856986
FY2,-50.0,-115.1311871705796,5.200764039665508,6.762904140770691
